ID,Name,Gender,City,Age
A001,Amy Harris,F,London,26
A002,Jason Adgra,M,Dublin,47
A003,Mark Brown,M,London,25
A004,Robert Martin,M,Berlin,41
A005,Tom Martin,M,London,45
A006,Michael Luxumberg,M,Oslo,50
A007,Michael Luxumberg,M,Madrid,36
A008,Mia Johny,F,New York,45
A009,Isabella Smith,F,New York,30
A010,Chris Adgra,M,Berlin,47
A011,Paul Brown,M,Copenhagen,48
A012,Lily Jackson,F,Helsinki,30
A013,Olivia Thomas,F,Prague,26
A014,Kevin Taylor,M,Berlin,29
A015,Isabella Lewis,F,Lisbon,22
A016,Emma Sabestine,F,New York,33
A017,Amy Jackson,F,Madrid,28
A018,Mia Luxumberg,F,Berlin,41
A019,Olivia White,F,Copenhagen,27
A020,Nina Sabestine,F,Warsaw,46
A021,Grace Sabestine,F,London,22
A022,Charlotte Clark,F,Zurich,31
A023,Charlotte White,F,Paris,36
A024,Olivia Smith,F,New York,26
A025,Alice Brown,F,Zurich,31
A026,Kevin Taylor,M,Oslo,45
A027,Zoe Lewis,F,Berlin,25
A028,Daniel Harris,M,Warsaw,30
A029,Jason Martin,M,Warsaw,41
A030,Olivia Harris,F,Prague,23
A031,Tom Smith,M,Madrid,22
A032,Ryan Taylor,M,Paris,38
A033,Zoe Smith,F,Warsaw,53
A034,Alice Johny,F,Stockholm,51
A035,Emily Jackson,F,Madrid,50
A036,Daniel Harris,M,Oslo,29
A037,Mia Adgra,F,Copenhagen,45
A038,Alice Brown,F,Berlin,32
A039,Daniel Smith,M,New York,22
A040,Emily Luxumberg,F,New York,29
A041,Paul Johny,M,New York,45
A042,Emily Alter,F,Berlin,50
A043,Paul Harris,M,Madrid,54
A044,Olivia White,F,Copenhagen,43
A045,Tom Lewis,M,Helsinki,55
A046,Ava Thomas,F,Berlin,25
A047,Tom Jackson,M,Warsaw,49
A048,Zoe Smith,F,Paris,55
A049,Mark White,M,Madrid,41
A050,Brian Thomas,M,Berlin,49
A051,Isabella White,F,Rome,26
A052,Lily Taylor,F,Lisbon,41
A053,Paul Brown,M,Prague,55
A054,Grace Taylor,F,Vienna,52
A055,Olivia Alter,F,Paris,31
A056,Ava Anderson,F,Vienna,51
A057,Ava White,F,Dublin,39
A058,Michael Adgra,M,Prague,53
A059,Sophia Jackson,F,Vienna,24
A060,Emily Alter,F,Copenhagen,41
A061,Lily Sabestine,F,New York,40
A062,Lily Brown,F,Copenhagen,43
A063,Robert Jackson,M,Berlin,25
A064,Ava Harris,F,Berlin,33
A065,Alex Johny,M,Paris,38
A066,Paul Clark,M,Madrid,34
A067,Charlotte White,F,Madrid,51
A068,John Alter,M,New York,31
A069,Robert Brown,M,Vienna,34
A070,David Brown,M,Zurich,25
A071,Brian Jackson,M,Warsaw,36
A072,Zoe Johny,F,London,42
A073,Ava Martin,F,Madrid,37
A074,Mark Alter,M,Helsinki,26
A075,Paul Alter,M,Madrid,30
A076,Alex Lewis,M,New York,48
A077,Chris Lewis,M,New York,45
A078,Michael Brown,M,Warsaw,35
A079,Brian Adgra,M,Helsinki,25
A080,Brian Sabestine,M,Helsinki,51
A081,Emily Brown,F,Warsaw,34
A082,Isabella Lewis,F,Prague,34
A083,Isabella Brown,F,Helsinki,37
A084,Robert Adgra,M,Oslo,51
A085,Olivia Sabestine,F,Prague,30
A086,Nina Brown,F,Zurich,28
A087,Brian Johny,M,Dublin,43
A088,David Johny,M,Helsinki,49
A089,Kevin Adgra,M,Oslo,29
A090,Amy Taylor,F,Rome,39
A091,Isabella Harris,F,Lisbon,27
A092,Sophia White,F,Lisbon,51
A093,Kevin White,M,Paris,48
A094,Isabella Clark,F,Helsinki,22
A095,Robert Jackson,M,Zurich,44
A096,Tom Taylor,M,New York,34
A097,David Anderson,M,London,28
A098,David Johny,M,Stockholm,51
A099,Mia Johny,F,Copenhagen,39
A100,Nina Anderson,F,London,27
A101,Robert Sabestine,M,Warsaw,37
A102,Ryan Sabestine,M,Warsaw,34
A103,Paul Taylor,M,Berlin,50
A104,Zoe Adgra,F,Helsinki,31
A105,Chris Martin,M,Warsaw,45
A106,John Taylor,M,New York,43
A107,David Luxumberg,M,Rome,26
A108,David Thomas,M,Vienna,49
A109,Ava Smith,F,Warsaw,34
A110,Lily Alter,F,Warsaw,33
A111,John Alter,M,Vienna,28
A112,Sophia Clark,F,New York,55
A113,Charlotte Lewis,F,Oslo,43
A114,Grace Brown,F,Prague,43
A115,Sophia Johny,F,Oslo,52
A116,Alice Johny,F,Paris,50
A117,Ryan Anderson,M,Stockholm,34
A118,John Sabestine,M,Oslo,34
A119,Emily Taylor,F,Zurich,29
A120,Daniel Smith,M,Rome,43
